date      ,title
2018-03-21,"Поліція розслідує, чи довели Волошина до самогубства"
2018-03-21,Бойовики дотримувалися перемир'я
2018-03-21,Ігри в тероризм. Що інкримінують Савченко
2018-03-21,"Рубан, Савченко і Ко: ""Трест"", який луснув"
2018-03-21,"Доба в АТО: 5 обстрілів, постраждали 2 бійця ЗСУ"
2018-03-20,"У Миколаївській ОДА запевняють, що не було конфлікту із Волошиним"
2018-03-20,"Бойовики обстріляли Піски, є поранений"
2018-03-20,Слідство розглядає 5 версій смерті Волошина
2018-03-20,"У прокуратурі не кажуть, чи допитають голову ОДА про смерть Волошина "
2018-03-20,"НАБУ каже, що запобігло розкраданню коштів у Миколаївському аеропорту"
2018-03-20,Командувач ОС Наєв: З терористами говоритиму лише однією мовою
2018-03-20,Луценка й Авакова просять контролювати розслідування смерті Волошина
2018-03-20,Доба в АТО: бойовики знову порушили перемир'я
2018-03-19,У зоні АТО дотримувалися перемир'я
2018-03-19,"В аеропорту Миколаєва кажуть, що губернатор тиснув на Волошина"
2018-03-19,Чи практикують українські ЗМІ самоцензуру?
2018-03-19,Голова Миколаївської ОДА про смерть Волошина: Не тиражуйте незрозумілі речі
2018-03-19,У штабі АТО уточнили стан травмованого бійця
2018-03-19,"Волошин перед смертю говорив з медиками ""швидкої"""
2018-03-19,Про що мріють та чого хочуть українці
2018-03-19,Доба в АТО: бойовики двічі відкривали вогонь біля Авдіївки
2018-03-19,На Донбасі п’ятеро бойовиків підірвались на власній гранаті
2018-03-18,"В Україні та Європі протестували проти російських ""виборів"" у Криму"
2018-03-18,АТО: Бойовики й далі порушують перемир'я
2018-03-18,У Миколаєві застрелився колишній АТОшник - керівник місцевого аеропорту
2018-03-18,"Доба в АТО: 1 обстріл, бойовики застосували гранатомети"
2018-03-17,Росіяни знімають на Донбасі фейкові відео проти ЗСУ – розвідка
2018-03-17,"Бойовики в суботу стріляли з гранатометів, ніхто не постраждав"
2018-03-17,Порошенко на Сході вручив нагороди військовим
2018-03-17,"Доба в АТО: 1 обстріл, бойовики застосували кулемети"
2018-03-16,Головні новини дня – за 60 секунд
2018-03-16,Головний по Донбасу. Що відомо про нового командувача Об'єднаних сил Наєва
2018-03-16,У зоні АТО дотримувалися режиму перемир'я
2018-03-16,Порошенко призначив командувача Об'єднаних сил
2018-03-16,Порошенко відвідав звільнене село на Луганщині
2018-03-16,"Хуг показав фото, як бойовики стріляють по безпілотниках ОБСЄ"
2018-03-16,Повне затишшя на лінії зіткнення протрималося добу – штаб АТО
2018-03-16,Доба в АТО: Бойовики 4 рази порушили тишу
2018-03-15,"Бойовики зірвали перемир'я, зафіксовано 2 обстріли "
2018-03-15,"Помер військовий, який був поранений в АТО"
2018-03-15,"""Повна тиша"" в зоні АТО тримається вже добу"
2018-03-15,У лікарні помер поранений в зоні АТО доброволець
2018-03-14,"В зоні АТО зафіксували ""повну тишу"""
2018-03-14,Влада Бахмута саботує пам'ятник визволенню міста від окупантів – нардеп
2018-03-14,На Донбасі знайшли тіло людини у військовій формі
2018-03-14,"АТО: 4 обстріли, бойовики застосували міномети і кулемети"
2018-03-13,Бойовики знову обстріляли авто співробітників ДФС
2018-03-13,Бойовики стріляли з мінометів і кулеметів: 1 боєць травмований
2018-03-13,Вперше з 5 березня бойовики пустили в хід міномети 120-мм – штаб АТО
2018-03-13,"Доба в АТО: бойовики здійснили 5 обстрілів позицій ЗСУ, є поранені"
2018-03-12,СЦКК поінформував СММ ОБСЄ про обстріл працівників ДФС
2018-03-12,З початку доби в зоні АТО втрат не було - штаб
2018-03-12,В штабі АТО уточнили обставини загибелі бійця 11 березня
2018-03-12,Історія Рубана: проросійські підручники та зброя в меблях
2018-03-12,"Доба в АТО: 1 військовий загинув, 3 поранено"
2018-03-11,"АТО: 1 військовий загинув, 2 поранено"
2018-03-11,"В ОРДО підтвердили, що сили АТО затримали їхнього бойовика"
2018-03-11,З ОРДЛО за програмою СБУ повернулися 200 поплічників бойовиків
2018-03-11,"Доба в АТО: 5 обстрілів, один український воїн отримав поранення"
2018-03-11,"Військові ЗСУ затримали бойовика, який намагався проникнути в тил"
2018-03-10,СЦКК: Під час перемир'я бойовики стягують військову техніку та озброєння
2018-03-10,"АТО: Бойовики продовжують обстріли, одного військового поранено "
2018-03-10,"Доба в АТО: 3 обстріли, 1 боєць ЗСУ загинув"
2018-03-09,"""Перемир'я"" в АТО: загинув нацгвардієць, 1 військового поранено"
2018-03-09,Грицак: Рубан за змовою з Захарченком готував теракт із тисячами жертв
2018-03-09,"АТО: Бойовики здійснили ще 2 обстріли, загинув 1 боєць ЗСУ"
2018-03-08,Луценко підтвердив затримання переговірника Рубана
2018-03-08,Біля Слов'янська двох військових затримали за стрілянину
2018-03-08,АТО: 1 обстріл протягом дня
2018-03-08,"З початку АТО в судах - 56 звинувачень у держзраді, 4266 військових - у розшуку"
2018-03-08,"Доба в АТО: 3 обстріли, є поранений"
2018-03-07,"Гладковський заявив, що не може впливати на рішення Міноборони"
2018-03-07,Головні новини дня – за 60 секунд
2018-03-07,Бойовики обстріляли Красногорівку попри перемир'я
2018-03-07,"Медсестру, яка загинула в зоні АТО, нагородили орденом ""За мужність"""
2018-03-07,"У Генштабі розповіли, скільки жінок мають статус УБД"
2018-03-07,У зоні АТО загинув боєць 1997 року народження – штаб
2018-03-07,У Києві послу Італії принесли лист на підтримку нацгвардійця Марківа
2018-03-07,Агенти серед нас. Як російські спецслужби вербують українців
2018-03-07,"""Богдан"" за два роки отримав 26 мільйонів на тендерах для АТО"
2018-03-07,"АТО: Бойовики тричі порушили перемир’я, 1 боєць ЗСУ загинув"
2018-03-06,Бойовики обстріляли Луганське з гранатометів попри перемир'я
2018-03-06,Двох підозрюваних у підриві спілки угорців в Ужгороді взяли під варту
2018-03-06,Бойовики обстріляли житлові квартали Щастя – СЦКК
2018-03-06,"Міноборони просить, щоб ""Богдан"" усунув недоліки своїх ""санітарок"""
2018-03-06,У штабі АТО уточнили стан пораненого бійця
2018-03-06,Підрив офісу спілки угорців в Ужгороді перекваліфікували на теракт
2018-03-06,Бойовики виставили диверсанта РФ Покусаєва божевільним педофілом – штаб АТО
2018-03-06,"""Золота година"". Чому ""Богдани"" бізнес-партнера Порошенка масово ламаються в АТО"
2018-03-06,"Доба в АТО: 3 обстріли, є поранений"
2018-03-05,Головні новини дня – за 60 секунд
2018-03-05,"Бойовики обстріляли позиції ЗСУ з мінометів і гранатометів, є поранений"
2018-03-05,"В Міноборони запевняють, що жінки в армії служать на рівні з чоловіками"
2018-03-05,МВС: Серед затриманих під Радою були 15 осіб із посвідченням УБД
2018-03-05,В Україні за звинуваченням у шпигунстві судять 33-річного білоруса
2018-03-05,Порошенко підписав закон про кримінальну відповідальність за схиляння до самогубства
2018-03-05,Розведення бойових сил на Донбасі не буде - СЦКК
2018-03-05,"Політика і шпигунство, або Помилка білоруського резидента"
2018-03-05,"Москаль привідкрив, хто причетний до підпалу угорського товариства"
2018-03-05,"АТО: 7 обстрілів, бойовики застосовують міномети на всіх напрямках"
2018-03-05,В зоні АТО військові затримали бойовика – громадянина РФ
2018-03-04,"Штаб: До початку ""тиші"" бойовики готують збройні провокації "
2018-03-04,Штаб: Бойовики продовжують стріляти з великого калібру
2018-03-04,ЗСУ готові до перемир'я – штаб
2018-03-04,"Доба в АТО: 8 обстрілів, бойовики застосували міномети"
2018-03-04,СБУ викрила адміністраторів антиукраїнських груп у соцмережах
2018-03-04,СБУ виявила на Донбасі заборонену міну російського виробництва
2018-03-03,У суботу бойовики не порушували режиму тиші
2018-03-03,"У Міноборони розповіли, де загинув боєць"
2018-03-03,"Полторак: Росія 4 роки не виконує своїх зобов'язань за ""Мінськом"""
2018-03-03,У Саакашвілі відреагували на штурм і демонтаж наметового містечка під ВР
2018-03-03,Поліція пояснила штурм наметового містечка під ВР. Табір демонтують
2018-03-03,"Усіх мітингарів з-під ВР затримала поліція, у таборі шукають ""зброю"" - Соболєв"
2018-03-03,"Доба в АТО: 8 обстрілів, 1 боєць ЗСУ загинув"
2018-03-02,В зоні АТО внаслідок обстрілу загинув військовий - штаб
2018-03-02,Янукович почав прес-конференцію з повторення російських тез
2018-03-02,"Доба в АТО: 2 обстріли, бойовики застосували міномети"
2018-03-01,Бойовики обстріляли позиції ЗСУ з мінометів біля Світлодарська
2018-03-01,"Фахівці ""Vodafone"" змогли попрацювати в районі Золотого"
2018-03-01,"Місія ОБСЄ розкритикувала ЗСУ за взяття під контроль сіл у ""сірій зоні"""
2018-03-01,"Доба в АТО: 5 обстрілів, втрат немає"
2018-02-28,Бойовики 3 рази обстріляли позиції ЗСУ з гранатометів і мінометів
2018-02-28,У Станиці Луганській готуються до розведення бойових сил
2018-02-28,"Хроніка 28 лютого. Турчинов: Росія анексувала Крим, Янукович ламає ручку"
2018-02-28,"Доба в АТО: 7 обстрілів, бойовики застосовують міномети"
2018-02-28,Сили АТО відбили атаку бойовиків на Світлодарській дузі
2018-02-27,+1 Третьякову. Звідки і навіщо з'явилася ідея міністерства ветеранів
2018-02-27,Бійців ЗСУ продовжують обстрілювати з мінометів - штаб
2018-02-27,У штабі АТО уточнили стан трьох поранених бійців
2018-02-27,Рада підвищила штрафи за порушення кордону та межі з ОРДЛО
2018-02-27,Анатолій Могильов про втрату Криму: У силовиків була проукраїнська позиція
2018-02-27,Рада розгляне вимогу створення Міністерства ветеранів
2018-02-27,Хроніка 27 лютого. Росія починає захоплення Криму
2018-02-27,"Доба в АТО: 5 обстрілів, 3 бійців ЗСУ поранено"
2018-02-26,"Бойовики обстріляли Підлісне, снаряд влучив у будинок"
2018-02-26,Три військових ЗСУ отримали поранення в зоні АТО – штаб
2018-02-26,Кримська лінія вогню
2018-02-26,Крисіну в Інституті серця хлюпнули зеленкою в обличчя
2018-02-26,"Самогубства в армії: Матіос заявляє, що Міноборони бреше"
2018-02-26,У зоні АТО загинув боєць 1998 року народження – штаб
2018-02-26,КПП у зоні АТО збільшують час роботи
2018-02-26,"У СІЗО повісилася сепаратистка, яка вдарила молотком бійця АТО – мер Дніпра"
2018-02-26,"Хроніка 26 лютого. Литвин назвав Кравчука ""політичною повією"", а Яценюк – ""камікадзе"""
2018-02-26,"Доба в АТО: вночі - без обстрілів, вдень - 1 загиблий"
2018-02-25,"АТО: один військовий загинув, ще одного поранено"
2018-02-25,АТО: Бойовики знову застосовують 152-мм артилерію
2018-02-24,"Після обстрілу в Луганському немає світла, пошкоджено будинки"
2018-02-24,СММ ОБСЄ зафіксувала вирви від 152-мм снарядів у Підлісному
2018-02-24,Бойовики в суботу не порушували тишу - штаб
2018-02-24,АТО: бойовики 13 разів порушили режим тиші
2018-02-23,Бойовики з артилерії обстріляли позиції ЗСУ
2018-02-23,Бойовики 3 рази обстріляли позиції ЗСУ з гранатометів і мінометів
2018-02-23,Озброєння ЗСУ сучасними танками затримується на рік – Муженко
2018-02-23,У штабі АТО уточнили стан пораненого бійця
2018-02-23,"Хроніка 23 лютого. Порошенко стає міністром в Азарова, а Турчинов – президентом"
2018-02-23,"АТО: До кінця доби окупанти подвоїли кількість обстрілів, є загиблий"
2018-02-23,Штаб АТО показав відео знищення БМП противника
2018-02-22,Бойовики 10 разів обстріляли позиції ЗСУ з гранатометів і мінометів
2018-02-22,НАБУ показало схему розкрадання у справі Труханова
2018-02-22,"""Газпром"" визнав поставки газу в АТО безоплатними"
2018-02-22,Штаб АТО: У гумконвої з РФ було 2 сотні військових
2018-02-22,Київрада перейменувала Московський міст
2018-02-22,Муженко: АТО на Донбасі завершується
2018-02-22,Хроніка 22 лютого. Кінець президентства Віктора Януковича
2018-02-22,Доба в АТО: бойовики 20 разів порушили режим тиші
2018-02-21,"Бойовики 13 разів обстріляли позиції ЗСУ, є загиблий і поранені"
2018-02-21,Любовний трикутник Порошенка
2018-02-21,"Обстрілюючи лікарів, бойовики вбили медсестру"
2018-02-21,Командування в/ч Житомирщини впіймали на розкраданні пального – СБУ
2018-02-21,Хроніка 21 лютого. Прощання з героями Небесної Сотні та Януковича – у відставку
2018-02-21,"Доба в АТО: Бойовики застосовують артилерію, є втрати"
2018-02-21,Матіос озвучив статистику самогубств серед військовослужбовців
2018-02-20,Головні новини дня – за 60 секунд
2018-02-20,"У зоні АТО загинув боєць, ще троє отримали поранення – штаб"
2018-02-20,Порошенко чекає кандидатури командувача об'єднаних сил
2018-02-20,"Стали відомі подробиці про Кашкіна, який дозволив конфіскувати 1,5 млрд Януковича"
2018-02-20,"У зоні АТО загинув боєць 1989 року народження, 4 поранено – штаб"
2018-02-20,"На Київщині затримали екс-АТОшника, який стріляв по людях"
2018-02-20,"Кому - війна, а кому - мати рідна: NYT написала про корупцію навколо АТО"
2018-02-20,Хроніка 20 лютого. Розстріл Небесної Сотні
2018-02-20,"Доба в АТО: 12 обстрілів, 1 загиблий"
2018-02-19,Хуг: На Донбасі військові і бойовики наближаються один до одного
2018-02-19,Головні новини дня – за 60 секунд
2018-02-19,"Бойовики 9 разів обстріляли позиції ЗСУ, є загиблий і поранені"
2018-02-19,У прокуратурі розповіли подробиці вбивства військового у зоні АТО
2018-02-19,У зоні АТО військовослужбовець вбив товариша по службі
2018-02-19,"Доба в АТО: 10 обстрілів з мінометів і стрілецької зброї, поранено 1 бійця ЗСУ"
2018-02-19,Хроніка 19 лютого. Другий кривавий день Майдану та вихід ЗСУ з Дебальцевого
2018-02-18,У зоні АТО на власних мінах підірвалися двоє бойовиків - громадян РФ
2018-02-18,"АТО: бойовики били з важкої зброї, поранено військового"
2018-02-18,Доба в АТО: бойовики 12 разів порушили режим тиші
2018-02-17,ВМС: морських піхотинців убили не через позастатутні відносини
2018-02-17,"Бойовики заявили, що вбили двох і взяли в полон одного військового ЗСУ"
2018-02-17,"У неділю в Києві пройде ряд акцій, поліція готується"
2018-02-17,Бойовики в суботу стріляли з артилерійської установки й танка
2018-02-17,"АТОшників, підозрюваних у вбивстві родини на Донбасі, заарештували - поліція"
2018-02-17,У зоні АТО зник військовий
2018-02-17,"Доба в АТО: 20 обстрілів, 2 поранених"
2018-02-16,Бойовики 6 разів обстріляли позиції ЗСУ з мінометів і гранатометів
2018-02-16,У зоні АТО загинув боєць 1979 року народження – штаб
2018-02-16,Як адаптувати цивільні технології у військовому сегменті?
2018-02-16,"Криза в зоні АТО, фінансування тероризму та підвищення тарифів — як це пов'язано"
2018-02-16,"Хроніка 16 лютого. Майдан йде в ""мирний наступ"", а Тимошенко – головна помилка Ющенка"
2018-02-16,"Доба в АТО: Бойовики застосовують артилерію, 1 боєць ЗСУ загинув"
2018-02-15,Бойовики планують провокації біля Докучаївська і Новотроїцького – штаб АТО
2018-02-15,Бойовики ОРЛО повернули тіло українського військового - штаб АТО
2018-02-15,"Турчинов розповів, чому обрав Тенюха міністром оборони"
2018-02-15,"Бойовики провели 6 обстрілів, загинув боєць – штаб АТО"
2018-02-15,Турчинов: Наказів ліквідувати Януковича не було
2018-02-15,Нищук розкрив цікаві деталі про майбутній монумент воїнам АТО в Києві
2018-02-15,Турчинов розповів про невдалі спроби Наливайченка організувати АТО
2018-02-15,"Поліція заявила, що члени батальйону ""Донбас"" вбили цілу родину"
2018-02-15,Стали відомі подробиці вбивства морських піхотинців
2018-02-15,Убивство морських піхотинців: попри зізнання чекають даних експертиз
2018-02-15,Чотирьох бійців ЗСУ поблизу Широкиного вбили колеги за службою
2018-02-15,Штаб АТО заявив про загибель морських піхотинців
2018-02-15,"Хроніка 15 лютого. Янукович б’є підлеглих, а в БПП незадоволені Яценюком"
2018-02-15,"Доба в АТО: Ворог здійснив 14 обстрілів, 4 бійців ЗСУ поранено"
2018-02-14,Через обстріли в зоні АТО 3 бійців отримали поранення
2018-02-14,У Києві може з'явитися сквер імені Василя Сліпака
2018-02-14,Доба в АТО: бойовики 14 разів порушили режим тиші
2018-02-13,В НАБУ підтвердили повідомлення Труханову про підозру
2018-02-13,"У зоні АТО зафіксували 4 обстріли: гранатомети, міномети, кулемети"
2018-02-13,У штабі АТО уточнили втрати за добу
2018-02-13,ОБСЄ не змогла перевірити чи стріляли з РФ у напрямку України
2018-02-13,"Хроніка 13 лютого. Перший арешт Тимошенко та ""рюкзаки Авакова"""
2018-02-13,"Доба в АТО: 11 обстрілів, один боєць ЗСУ загинув"
2018-02-12,"У зоні АТО загинув боєць, ще один отримав поранення – штаб"
2018-02-12,"Порошенко: Фани самі мають вирішити, чи їхати на ЧС-2018 до країни-агресора"
2018-02-12,МЗС: Росія за 3 роки не виконала жодного пункту мінських угод
2018-02-12,"Хроніка 12 лютого. Боротьба Омельченка за крісло мера та ""Мінськ-2"""
2018-02-12,Доба в АТО: бойовики 9 разів порушили режим тиші
2018-02-11,"""Богдан"" запевняє, що про відмову МОУ від закупівель не йдеться"
2018-02-11,"У неділю бойовики стріляли 8 разів, застосовують заборонену Мінськом зброю"
2018-02-11,"У Києві контрактник, який повернувся з АТО, вбив людину на зупинці автобуса"
2018-02-11,Доба в АТО: Бойовики 8 разів порушили режим тиші
2018-02-10,У суботу бойовики відкривали вогонь один раз
2018-02-10,"У Міноборони розповіли, скільки разів ЗСУ відкривали вогонь у відповідь"
2018-02-10,"У Мар'їнці без світла лишилися 300 домівок, для ремонту необхідна ""тиша"""
2018-02-10,На Донеччині співробітник Нацполіції застрелив цивільного
2018-02-10,"Доба в АТО: 11 обстрілів, 1 поранений"
2018-02-09,"Бойовики обстрілювали позиції ЗСУ з мінометів і гранатометів, є поранений"
2018-02-09,"Хроніка 9 лютого. Українська зброя в ""Аль-Каїди"" і відставка Любомира Гузара"
2018-02-09,"Доба в АТО: 4 мінометних обстріли, вечір минув у тиші"
2018-02-08,Ветерани АТО звинувачують агрофірму Порошенка у земельному рейдерстві
2018-02-08,"На ""Донбасенерго"" Януковича хотіли поставити вугілля з АТО - джерело"
2018-02-08,"Бойовики 4 рази порушили перемир'я, є поранений"
2018-02-08,З території Росії стріляли в бік українських прикордонників - штаб
2018-02-08,Третьяков пригрозив виходом із коаліції
2018-02-08,"Хроніка 8 лютого. Комуністи втрачають лідерство, а ""РосУкрЕнерго"" продають за гривню"
2018-02-08,"Доба в АТО: 17 обстрілів, 1 поранений"
2018-02-08,Військові передали бойовикам ОРЛО тіла 2 вихідців з РФ
2018-02-07,"Рева запевняє, що учасникам АТО підвищать військові пенсії"
2018-02-07,"Бойовики обстрілювали усі напрямки з мінометів і гранатометів, є поранений"
2018-02-07,Штаб АТО: Бойовики обстрілюють підконтрольні їм населенні пункти
2018-02-07,Кабмін уточнив список окупованих і вільних населених пунктів у зоні АТО
2018-02-07,"Доба в АТО: Кількість обстрілів різко зросла, 4 бійців ЗСУ поранено"
2018-02-07,"Хроніка 7 лютого. Янукович переміг на виборах, а Путін не втручається в справи України"
2018-02-06,"Бойовики 5 разів порушили перемир'я, є поранені"
2018-02-06,Рада ухвалила додаткові правки в закон по Донбасу
2018-02-06,"""Не героїзувати і не втомлювати"". Психологи про нове місце ветерана АТО в родині та на роботі"
2018-02-06,"Хроніка 6 лютого. Визволення заручників з ""Фаїни"" та Яценюк-штангіст"
2018-02-06,"Доба в АТО: 4 обстріли, бойовики застосували міномети"
2018-02-05,Бойовики обстріляли Приазов’я і Луганський напрямок
2018-02-05,Народні месники чи хулігани? Чому горять споруди УПЦ МП
2018-02-05,У штабі розповіли про стан здоров'я поранених на Донбасі бійців
2018-02-05,"Хроніка 5 лютого. В Ахметова і Пінчука забрали ""Криворіжсталь"", а Україну взяли в СОТ"
2018-02-05,"Доба в АТО: 5 обстрілів, постраждали 3 бійців ЗСУ"
2018-02-04,СЦКК: Бойовики блокують відновлення газопостачання до Мар'їнки та Красногорівки
2018-02-04,"АТО: Бойовики стріляють з великого калібру, 2 бійців ЗСУ поранено"
2018-02-04,"Доба в АТО: 5 обстрілів, 2 поранених"
2018-02-04,Штаб АТО заявив про повернення ще одного села з сірої зони
2018-02-03,"АТО: 4 обстріли, двох військових поранено"
2018-02-03,Намісник скандальної каплиці УПЦ МП попросив допомоги у Трампа
2018-02-03,"Саакашвілі каже, що АП заплатила автомобілістам, щоб зірвати його мітинг"
2018-02-03,На Десятинці затримали чоловіка: сплутали тубус з димовою шашкою
2018-02-03,Порошенко призначив стипендії дітям загиблих у зоні АТО журналістів
2018-02-03,"В СЦКК заявили, що Донбас ""на межі екологічної катастрофи"""
2018-02-03,У штабі АТО повідомили про загибель бійця ЗСУ
2018-02-03,"Доба в АТО: 4 обстріли, 3 бійців ЗСУ поранено"
2018-02-02,"Бойовики обстріляли Приазов’я і Донецький напрямок, є поранені"
2018-02-02,"Хроніка 2 лютого. Кузьма Скрябін гине в ДТП, а бойовики хочуть Медведчука"
2018-02-02,"Доба в АТО: 4 обстріли, бойовики застосували міномети"
2018-02-01,Бойовики обстріляли Луганський напрямок з мінометів
2018-02-01,"Білецький: Прийняти бюджет в Черкасах ""допомагали"" й нацдружинники"
2018-02-01,Засуджений росіянин Агєєв звільнився з армії РФ у травні 2016 – суд
2018-02-01,Під Авдіївкою загинув боєць 1996 року народження – штаб АТО
2018-02-01,"Хроніка 1 лютого. Кучма без третього терміну, а Литвин проти ""рабської звички"""
2018-02-01,"Доба в АТО: 5 обстрілів, 2 бійця ЗСУ травмовані, один - загинув"
2018-01-31,"Бойовики обстріляли Донецький напрямок і Приазов’я, є загиблий"
2018-01-31,"Іван Ліщина: У нас ростуть зубасті піраньї, які будуть рвати Росію в ЄСПЛ"
2018-01-31,Під Водяним загинув боєць 1995 року народження – штаб АТО
2018-01-31,"Луценко розповів, звідки в нього гроші на Сейшели"
2018-01-31,Звільнені з полону досі не отримали компенсації й документів
2018-01-31,"Хроніка 31 січня. Мороз висуває умови, а Булатов розповідає про катування"
2018-01-31,"Доба в АТО: 3 обстріли, 1 боєць ЗСУ загинув"
2018-01-30,У Черкасах депутати ухвалили бюджет завдяки втручанню людей у чорному
2018-01-30,Під час обстрілу бойовиків загинув український військовий – штаб
2018-01-30,Міністри обговорили питання затриманого в Італії солдата Марківа
2018-01-30,АТО: Доба минула без порушень режиму тиші
2018-01-30,"Хроніка 30 січня. Порошенко віддалився від Ющенка, а Добкін вдягнув футболку з ""Беркутом"""
2018-01-29,Бойовики влаштували нічну провокацію біля Кам'янки
2018-01-29,"В штабі АТО кажуть, що бойовики планують провокації і навіть теракти"
2018-01-29,ГПУ: на Буковині судитимуть банду з колишніх учасників АТО
2018-01-29,Хроніка 29 січня. Довічне для Пукача та бої під Дебальцевим
2018-01-29,"Доба в АТО: Бойовики порушили тишу, застосувавши міномети"
2018-01-28,Луценко виступає за легалізацію зброї
2018-01-28,"Штаб: У зоні АТО триває режим ""тиші"" "
2018-01-28,"Доба в АТО: вночі - без обстрілів, вдень - 1 загиблий"
2018-01-28,Бойовики координують навчання з військами Південного округу РФ - розвідка
2018-01-28,АТО: Стало відоме ім'я загиблого у суботу українського військового
2018-01-27,У зоні АТО від кулі снайпера загинув військовий
2018-01-27,"Доба в АТО: вночі - без обстрілів, вдень - 1 поранений"
2018-01-26,Боєць отримав поранення під Авдіївкою – штаб
2018-01-26,"НАЗК перевірить декларації за два роки 10 нардепів, суддів і посадовців"
2018-01-26,У штабі АТО уточнили стан двох поранених бійців
2018-01-26,Зайва допомога. Чому не всі волонтери однаково корисні
2018-01-26,АТО: 2 бійців ЗСУ поранено в ході виконання бойових завдань
2018-01-26,"Хроніка 26 січня. Майдан готується до реконструкції, а Саакашвілі стає українською мрією"
2018-01-25,Бойовики застосували 120-мм міномети і гранатомети: поранено бійця
2018-01-25,"Армії мають повернути 30 мільйонів переплати за каски й ""броніки"""
2018-01-25,В штабі АТО уточнили стан пораненого під Кряківкою бійця
2018-01-25,"Свідчення Парубія на суді: Ми усвідомлювали, що збройна агресія може розпочатися з усіх напрямків"
2018-01-25,"Хроніка 25 січня. Помаранчева революція закінчилася, а Яценюк відмовив Януковичу"
2018-01-25,"Доба в АТО: 3 обстріли, 1 травмований"
2018-01-24,Режим тиші в зоні АТО протримався півтори доби – штаб
2018-01-24,Могильов: На останній зустрічі Янукович говорив про загрозу життю
2018-01-24,"Казус Слєпцова. Навіщо екс-мер проміняв свободу в ""ДНР"" на суд в Україні"
2018-01-24,"У селі Новоукраїнка на Луганщині українське ТБ доступне у ""цифрі"""
2018-01-24,"Хроніка 24 січня. Тимошенко стає прем’єром, а Маріуполь накривають ""Градами"""
2018-01-24,Доба в АТО: Вперше за тривалий час не зафіксовано жодного обстрілу
2018-01-23,"Цієї доби біля лінії зіткнення цілком зберігається ""тиша"" – штаб"
2018-01-23,"ДТП на Донеччині: військові пояснили, що пішло не так з їхнім КрАЗом"
2018-01-23,"У штабі АТО уточнили, де 22 січня загинув боєць"
2018-01-23,Хроніка 23 січня. Інавгурація Ющенка та захоплення обласних адміністрацій
2018-01-23,"Доба в АТО: вночі - без обстрілів, вдень - 1 загиблий"
2018-01-22,Бойовики обстріляли підконтрольний їм Докучаєвськ - штаб АТО
2018-01-22,Справа Іл-76: суд продовжить розгляд після висновків експертизи
2018-01-22,"Бойовики 6 разів обстріляли бійців ЗСУ, є загиблий"
2018-01-22,В один голос: що хвилює мерів із різних кінців України
2018-01-22,"У Києві утворили ""живий ланцюг"" до Дня Соборності"
2018-01-22,Хроніка 22 січня. Перші герої Небесної Сотні гинуть на Грушевського
2018-01-22,Доба в АТО: Ворог двічі застосував міномети у районі Луганського
2018-01-21,"Лавров поскаржився на спроби ""задушити"" ОРДЛО миротворцями ООН"
2018-01-21,"Штаб: бойовики за день не стріляли у військових ЗСУ, лише у цивільних"
2018-01-21,"Штаб АТО: автобус із цивільними обстріляли бойовики, є жертви"
2018-01-21,У Міноборони розповіли про стан травмованих військових
2018-01-21,"Доба в АТО: 6 обстрілів, 5 поранених"
2018-01-21,ОБСЄ за добу зафіксувала більше 350 вибухів на Донбасі
2018-01-20,У зоні АТО в суботу постраждало вже 5 військових
2018-01-20,Президент ФФУ дав роботу звільненим з полону вболівальникам
2018-01-20,"Порошенко назвав ""кіборгів"" символом України, яку неможливо перемогти"
2018-01-20,СЦКК: Бойовики не дають Vodafone гарантій безпеки для ремонту пошкодженого обладнання
2018-01-20,"Доба в АТО: 7 обстрілів, бійці ЗСУ затримали диверсанта"
2018-01-19,Бойовики 2 рази обстріляли бійців ЗСУ
2018-01-19,Санкції проти РФ: Порошенко хоче додати кейси Абхазії і Південної Осетії
2018-01-19,Хуг: На Донбасі почалось загострення конфлікту
2018-01-19,Хроніка 19 січня. Газова угода Тимошенко-Путіна та початок штурму на Грушевського
2018-01-19,"Доба в АТО: 2 обстріли з мінометів, 1 боєць ЗСУ травмований"
2018-01-19,ОБСЄ за добу зафіксувала 135 вибухів на Донбасі
2018-01-18,Іменем Порошенка. Чи змінить війну закон про деокупацію Донбасу
2018-01-18,За день не було провокацій – штаб АТО
2018-01-18,"Закон про реінтеграцію Донбасу: не кажи ""Гоп"", доки не перескочиш"
2018-01-18,"Грицак: В РФ затримали експерта, що готував провокації проти України"
2018-01-18,"Бойовики посилили обстріли, під Гранітним загинув боєць – штаб АТО"
2018-01-18,Рада ухвалила закон про реінтеграцію Донбасу
2018-01-18,"Хроніка 18 січня. Бійка Луценка з Черновецьким та ""довічна тюрма"" для Тимошенко"
2018-01-18,"Доба в АТО: 7 обстрілів, Україна втратила трьох захисників"
2018-01-17,Бойовики 3 рази обстріляли бійців ЗСУ
2018-01-17,Who is Mr Манько. Втеча від Інтерполу в крісло глави Держслужби
2018-01-17,"Закон по Донбасу: лишилось 50 правок і ""кілька спірних моментів"" "
2018-01-17,Аваков проти обраного кандидата на голову служби у справах ветеранів АТО
2018-01-17,Попри деяку стабілізацію на Донбасі триває вогонь
2018-01-17,"Законопроект ""про реінтеграцію Донбасу"": рівняння з багатьма невідомими"
2018-01-17,Парубій прогнозує голосування за законопроект по Донбасу вже у четвер
2018-01-17,Бойовики зірвали спробу СММ ОБСЄ провести роботи біля Донецька – штаб
2018-01-17,"Під час завдання у зоні АТО підірвались бійці: 2 загиблих, 5 травмованих"
2018-01-17,Хроніка 17 січня. Кар’єра Яценюка в Києві та чутки про смерть Кучми
2018-01-17,"Доба в АТО: 3 обстріли, 2 поранених"
2018-01-17,ОБСЄ за добу зафіксувала більше 100 вибухів на Донбасі
2018-01-16,В ОРДЛО не надають гарантії безпеки для ремонту обладнання Vodafone – СЦКК
2018-01-16,Бойовики 2 рази обстріляли бійців ЗСУ
2018-01-16,Раді лишилось майже 200 поправок до закону про реінтеграцію Донбасу
2018-01-16,"Замах на Осмаєва: слідство хоче від РФ ім'я ""чеченського кілера"""
2018-01-16,Порошенко нагородив орденами майже 2 тисячі осіб
2018-01-16,"Під Радою спалили прапор Росії, сталася сутичка"
2018-01-16,"Хроніка 16 січня. ""Диктаторські закони"" та смертельний постріл у Кушнарьова"
2018-01-16,"Доба в АТО: 3 обстріли, бойовики застосували міномети на Донеччині"
2018-01-16,"Суд у Дніпрі заарештував жінку, яка з молотком накинулась на бійця АТО"
2018-01-15,Бойовики 1 раз обстріляли бійців ЗСУ
2018-01-15,"Ремонтники Vodafone просяться в ""сіру зону"" на Донбасі"
2018-01-15,У штабі АТО уточнили стан двох поранених бійців
2018-01-15,"Хроніка 15 січня. Ющенка клонували, а суд заборонив Майдан"
2018-01-15,"Доба в АТО: 6 обстрілів, 2 поранених"
2018-01-14,У зоні АТО підбили російський БПЛА
2018-01-14,"Бойовики і далі порушують перемир'я, застосовуючи гранатомети"
2018-01-14,Міноборони: У суботу в другій половині дня обстрілів не було
2018-01-14,"Доба в АТО: 6 обстрілів, увечері трималась тиша"
2018-01-14,"Безсмертний: Донбас – чи не єдиний конфлікт, де ООН не бере жодної участі"
2018-01-13,Трагедія під Волновахою: В окупованому Докучаєвську розвісили проукраїнські листівки
2018-01-13,АТО: Бойовики вперше за час перемир’я застосували артилерію
2018-01-13,"Доба в АТО: 10 обстрілів, 2 поранених"
2018-01-13,З початку АТО сапери знешкодили майже 178 тис. небезпечних предметів – Міноборони
2018-01-13,ОБСЄ за добу зафіксувала 662 вибухи на Донбасі
2018-01-12,На Приазов'ї бойовики застосували міномети – штаб АТО
2018-01-12,У Міноборони повідомили про обставини загибелі військового в АТО
2018-01-12,"Хроніка 12 січня. Бандера більше не Герой, а російський ""Дождь"" не литиме в Україні"
2018-01-12,"Доба в АТО: бойовики 9 разів обстріляли військових, є загиблий і поранені"
2018-01-11,Штаб АТО: Бойовики 7 разів порушували погоджене перемир'я
2018-01-11,Окупована Луганщина може лишитись без зв’язку від Vodafone-Україна
2018-01-11,"У штабі АТО уточнили, де загинули троє бійців"
2018-01-11,"Хроніка 11 січня. ""Беркут"" знімає маски, а в Криму масово відбирають майно"
2018-01-11,У зоні АТО військові збили ворожий безпілотник
2018-01-11,"Доба в АТО: Загинуло троє бійців ЗСУ, є поранені"
2018-01-10,В зоні АТО не вщухають обстріли - штаб
2018-01-10,"""Мильна бульбашка"" чи ""Конфіскація століття"" генпрокурора Луценка"
2018-01-10,В зоні АТО поранені двоє військових
2018-01-10,"Хроніка 10 січня. Список полонених від Савченко та вирок ""васильківським терористам"""
2018-01-10,"Доба в АТО: 3 обстріли, поранено двох бійців ЗСУ"
2018-01-09,Бойовики обстрілювали бійців з гранатометів та мінометів
2018-01-09,"АТО: З початку ""різдвяного перемир'я"" ЗСУ вперше відкрили вогонь "
2018-01-09,"Хроніка 9 січня. ""Юлина тисяча"" та газ лише з Росії"
2018-01-09,"Доба в АТО: 6 обстрілів, 3 поранених"
2018-01-09,У Білорусі завербували українця для стеження за учасниками АТО і прикордонниками
2018-01-08,"В ОБСЄ закликали виконувати ""різдвяне перемир'я"" на Донбасі"
2018-01-08,АТО: Бойовики продовжують обстріли
2018-01-08,"Під Києво-Печерську Лавру прийшли з акцією ""проти ФСБ"""
2018-01-08,"Мотузяник розповів про стан українського військового, пораненого минулої доби"
2018-01-08,"АТО: На Різдво бойовики усе ж таки застосували міномети, є втрати"
2018-01-07,АТО: На Різдво вперше у новому році без обстрілів
2018-01-07,СЦКК: Бойовики використовують перемир’я для облаштування нових позицій
2018-01-07,"Доба в АТО: 3 обстріли, 1 боєць ЗСУ травмований"
2018-01-07,ОБСЄ за добу зафіксувала 150 вибухів на Донбасі
2018-01-06,У Запоріжжі під храмом УПЦ МП побили людей під час акції #принесиляльку
2018-01-06,Перед Різдвом бойовики обстріляли ЗСУ з кулеметів біля Новолуганського
2018-01-06,"У 54-й бригаді ЗСУ спростували заяви ""грузинського легіону"""
2018-01-06,ДУС: За рік на держнагороди витратили понад 20 мільйонів
2018-01-06,АТО: Україна передала окупантам тіла загиблих 
2018-01-06,"Доба в АТО: Бойовики продовжують мінометні обстріли, є поранений"
2018-01-05,Бойовики обстрілювали позиції ЗСУ на Донецькому напрямку
2018-01-05,Волонтер АТО загинув від вибуху гранати у Харкові
2018-01-05,"Доба в АТО: 2 обстріли, 1 боєць ЗСУ травмований"
2018-01-04,ОБСЄ за добу зафіксувала 131 вибух на Донбасі
2018-01-04,"Після 20 годин перемир’я бойовики все ж порушили ""тишу"" – штаб"
2018-01-04,Справа Ноздровської. Хто бажав смерті правозахисниці
2018-01-04,"Доба в АТО: Бойовики активізували аеророзвідку, увечері зафіксовано тишу"
2018-01-03,На Донеччині вандали сплюндрували пам’ятник загиблим бійцям АТО
2018-01-03,Бойовикам не вдалося спровокувати ЗСУ на вогонь у відповідь
2018-01-03,СБУ підтвердила затримання в РФ учасника АТО
2018-01-03,"Доба в АТО: 6 обстрілів, 2 поранених"
2018-01-03,ОБСЄ за вихідні зафіксувала 361 вибух на Донбасі
2018-01-02,Бойовики обстрілювали сили АТО з мінометів і гранатометів
2018-01-02,У штабі уточнили: Минулої доби на Донбасі загинув боєць ЗСУ
2018-01-02,МЗС України спитало в РФ про долю бійця АТО Негоди
2018-01-02,"Українська сторона СЦКК: Бойовики не дотримуються ""тиші"""
2018-01-02,"АТО: Окупанти б'ють з мінометів на всіх напрямках, втрат немає"
2018-01-01,Штаб АТО: Повного припинення вогню досі немає
2018-01-01,"Мотузяник уточнив, де зазнав поранення український військовий"
2018-01-01,Полторак підвів підсумки 2017 року для армії
2018-01-01,"Доба в АТО: 7 обстрілів, 1 боєць ЗСУ травмований"
2017-12-31,У передноворічний день у зоні АТО не зафіксували порушень перемир’я
2017-12-31,Поблизу Кримського поранено українського бійця
2017-12-31,"Доба в АТО: 4 обстріли, бойовики застосували міномети біля Павлополя"
2017-12-31,"Від початку ""різдв’яного"" перемир’я бойовики здійснили 39 обстрілів"
2017-12-30,У суботу бойовики вели прицільні обстріли на донецькому напрямку
2017-12-30,Порошенко: Лікуванням звільнених з полону займатимуться найкращі фахівці
2017-12-30,"Стало відомо, де у п’ятницю загинув український військовий"
2017-12-30,"Доба в АТО: 6 обстрілів, 1 боєць ЗСУ загинув"
2017-12-30,До Дніпра із зони АТО доправили трьох бійців у тяжкому стані
2017-12-30,ОБСЄ за добу зафіксувала 75 вибухів на Донбасі
2017-12-29,Бойовики обстріляли позиції АТО з гранатометів попри перемир’я
2017-12-29,Один боєць отримав поранення під Красногорівкою – штаб АТО
2017-12-29,"Доба в АТО: 6 обстрілів, ЗСУ збили ворожий безпілотник"
2017-12-28,В двох прифронтових селищах остаточно відновили електрику
2017-12-28,На Донецькому напрямку обстріляли українські позиції - штаб
2017-12-28,"У штабі АТО уточнили, де отримали поранення двоє бійців"
2017-12-28,"Хроніка 28 грудня. Ющенко ветує закони Януковича, а Ярош уже не ""правосек"""
2017-12-28,"Доба в АТО: 4 обстріли, поранено 2 бійців ЗСУ"
2017-12-28,ОБСЄ за добу зафіксувала 61 вибух на Донбасі
2017-12-27,"Хроніка 27 грудня. Перемога Ющенка в ""третьому турі"" та смерть Кірпи"
2017-12-27,"АТО: Терористи били з мінометів поблизу Луганського, є втрати"
2017-12-27,Генштаб: Безповоротні втрати ЗСУ у 2017 році - 191 боєць
2017-12-26,Бойовики порушують перемир'я обстрілами на двох напрямках - штаб
2017-12-26,Хроніка 26 грудня. Затримання Луценка та останній потяг до Криму
2017-12-26,"Доба в АТО: бойовики продовжують зривати ""Різдвяне перемир'я"""
2017-12-25,"АТО: ""Різдвяне перемир'я"" знову зірвано"
2017-12-25,На католицьке Різдво у зоні АТО - жодного обстрілу
2017-12-25,"АТО: Бойовики порушують перемир’я, застосовуючи міномети"
2017-12-24,"Майдан на кавовій гущі. Хто прийшов на ""мітинг порохоботів"" у Києві"
2017-12-24,На католицьке Різдво бойовики планують випробовувати вибухівку біля Макіївки
2017-12-24,"Різдвяне перемир’я: Обстрілів менше, але вони тривають"
2017-12-24,"Доба в АТО: 3 обстріли, 1 боєць ЗСУ загинув"
2017-12-24,"Бойовики дезінформують про порушення ЗСУ ""різдвяного"" перемир'я - СЦКК"
2017-12-23,"АТО: Бойовики порушують ""різдвяне"" перемир’я"
2017-12-23,"""Різдвяне перемир'я"": У штабі розповіли, де і з чого стріляють бойовики"
2017-12-23,В Одесі облили фарбою пам'ятний знак бійцям АТО
2017-12-23,"Доба в АТО: Бойовики б’ють з артилерії, один боєць ЗСУ загинув"
